Year,Month,Bronx,Brooklyn,Manhattan,Queens,Staten Island
2024,Jan,565,948,"1,108",650,675
2024,Feb,568,952,"1,112",654,678
2024,Mar,572,958,"1,118",660,683
2024,Apr,575,965,"1,122",663,688
2024,May,579,972,"1,128",668,693
2024,Jun,582,978,"1,132",671,697
2024,Jul,586,982,"1,137",675,701
2024,Aug,584,979,"1,135",672,700
2024,Sep,588,988,"1,141",678,705
2024,Oct,590,992,"1,144",681,708
2024,Nov,587,989,"1,138",679,706
2024,Dec,591,997,"1,150",685,713
2025,Jan,594,"1,001","1,153",688,715
2025,Feb,597,"1,005","1,156",691,718
2025,Mar,602,"1,012","1,163",696,723
2025,Apr,605,"1,018","1,168",699,727
2025,May,608,"1,022","1,172",702,730
2025,Jun,611,"1,028","1,178",706,734
2025,Jul,609,"1,025","1,176",703,733
2025,Aug,612,"1,031","1,180",708,738
2025,Sep,615,"1,038","1,186",712,743
2025,Oct,617,"1,041","1,189",714,746
2025,Nov,614,"1,036","1,185",711,744
2025,Dec,620,"1,045","1,192",718,750